[
	{
		"_id":1,
		"restaurants":0,
		"items":[{"name": "Bockwurst Würstchen", "price": 4.95}, {"name": "Bratwurst mit Brötchen und Sauerkraut", "price": 5.95}, {"name": "Currywurst mit Brötchen", "price": 5.95}, {"name": "Das Hausmannskost", "price": 11.45}, {"name": "Fleishkas mit Kartoffelsalat", "price": 6.95}, {"name": "Frankfurter Würstchen", "price": 9.95}, {"name": "Französische Zwiebelsuppe mit Käse", "price": 10.45}, {"name": "Frikadelle mit Brötchen", "price": 6.95}, {"name": "Gebackener Camenbert", "price": 7.55}, {"name": "Gemischter Salat", "price": 4.55}, {"name": "Haus Salatteller", "price": 11.45}, {"name": "Jaegerschnitzel", "price": 9.95}, {"name": "Kaesepaetzle", "price": 6.95}, {"name": "Kartoffel Reibekuchen mit Apfelmus", "price": 5.95}, {"name": "Maultaschen mit Käse", "price": 7.95}, {"name": "Sauerbraten", "price": 10.45}, {"name": "Ungarische Gulaschsuppe mit Brötchen", "price": 3.95}, {"name": "Wienerschnitzel", "price": 8.95}, {"name": "Wurstsalad mit Bauernbrot", "price": 6.95}]
	},
	{
		"_id":2,
		"restaurants":1,
		"items":[{"name": "California roll", "price": 5.95}, {"name": "Chicken teriyaki", "price": 5.95}, {"name": "Edamame", "price": 6.95}, {"name": "Futomaki roll", "price": 5.0}, {"name": "Green tea ice cream", "price": 6.95}, {"name": "Kitsune Udon", "price": 9.5}, {"name": "Miso soup", "price": 5.95}, {"name": "Pork Katsu", "price": 5.95}, {"name": "Salmon teriyaki", "price": 5.95}, {"name": "Sashimi combo", "price": 6.95}, {"name": "Spicy Yellowtail roll", "price": 7.55}, {"name": "Sushi combo", "price": 4.55}, {"name": "Teppa Maki", "price": 5.95}, {"name": "Unagi Don", "price": 7.55}, {"name": "Vegetable tempura", "price": 3.95}, {"name": "Vegetarian sushi plate", "price": 6.95}, {"name": "Wakame salad", "price": 4.95}]
	},
	{
		"_id":3,
		"restaurants":2,
		"items":[{"name": "bean and cheese burrito", "price": 6.95}, {"name": "cheese tortellini in tomato sauce", "price": 3.95}, {"name": "coffee", "price": 6.95}, {"name": "falafel wrap with tabbouleh", "price": 4.95}, {"name": "flourless chocolate cake", "price": 8.95}, {"name": "garden fresh salad", "price": 6.5}, {"name": "happy buddha stir fry", "price": 10.45}, {"name": "hummus appetizer plate", "price": 8}, {"name": "lentil burger", "price": 6}, {"name": "lentil soup", "price": 4.5}, {"name": "pasta with olives and marinated lemon", "price": 6.95}, {"name": "spinach and cheese wrap", "price": 5.95}, {"name": "tea", "price": 5.95}, {"name": "toasted sandwich with grilled eggplant", "price": 8.95}, {"name": "tofu chicken wrap", "price": 9.95}, {"name": "tomato and cheese sandwich", "price": 11.45}, {"name": "vegetable stew", "price": 5.95}]
	},
	{
		"_id":4,
		"restaurants":3,
		"items":[{"name": "bavette dans son jus", "price": 4.95}, {"name": "bœuf bourguignon ", "price": 18}, {"name": "bouillabaisse", "price": 17.5}, {"name": "coq au vin", "price": 10.45}, {"name": "frites aïoli ", "price": 5.0}, {"name": "moules et frites", "price": 3.95}, {"name": "poulet au riesling", "price": 4.95}, {"name": "quiche lorraine", "price": 7.95}, {"name": "salade de chèvre chaud", "price": 5.95}, {"name": "salade du midi", "price": 6.95}, {"name": "salade niçoise", "price": 3.95}, {"name": "sandwich croque-madame", "price": 3.95}, {"name": "sandwich croque-monsieur", "price": 4.55}, {"name": "soupe à l'oignon", "price": 9.95}, {"name": "steak frites", "price": 5.95}, {"name": "tarte pissaladière ", "price": 6.95}, {"name": "tarte tatin", "price": 5.95}]
	},
	{
		"_id":5,
		"restaurants":4,
		"items":[{"name": "Dibi Lamb", "price": 8.25}, {"name": "Doro Wat", "price": 5.95}, {"name": "Grilled Chicken", "price": 4.95}, {"name": "Grilled Fish", "price": 6.95}, {"name": "Grilled Plantains in Spicy Peanut Sauce", "price": 7.95}, {"name": "Lamb Mafe (Peanut Butter Stew)", "price": 8.75}, {"name": "Meat Pie", "price": 6}, {"name": "Mechoui with Plantains", "price": 5.95}, {"name": "Pepper Soup", "price": 9.95}, {"name": "Piri-Piri Shrimp", "price": 11.45}, {"name": "Suppa Kandja", "price": 3.95}, {"name": "Thiou Boulette", "price": 6.95}, {"name": "Thiou Curry with Chicken", "price": 7.95}, {"name": "Thu Okra", "price": 6.95}, {"name": "Yassa Chicken", "price": 8.95}, {"name": "Yassa Lamb", "price": 8.25}]
	},
	{
		"_id":6,
		"restaurants":5,
		"items":[{"name": "Buffalo wings", "price": 5.95}, {"name": "California-style baked Tilapia with rice", "price": 6.95}, {"name": "Cheeseburger and fries", "price": 4.55}, {"name": "Cherry pie a la mode", "price": 4.95}, {"name": "Chocolate milkshake", "price": 6.95}, {"name": "Cobb salad", "price": 4.95}, {"name": "Famous BLT on a kaiser roll with fries", "price": 4.95}, {"name": "Firehouse chili", "price": 6.95}, {"name": "Goat cheese and eggplant wrap (vegetarian)", "price": 5.95}, {"name": "Greek salad", "price": 6.95}, {"name": "Grilled chicken sandwich", "price": 4.95}, {"name": "Grilled sausage on a bun", "price": 6.95}, {"name": "Housemade pot roast with seasonal vegetable", "price": 16.95}, {"name": "Roast beef dip", "price": 11.45}, {"name": "Roast chicken and mashed potatoes", "price": 7.55}, {"name": "Soup of the day", "price": 8.95}, {"name": "Spaghetti and meatballs", "price": 11.45}]
	},
	{
		"_id":7,
		"restaurants":6,
		"items":[{"name": "BBQ chicken", "price": 4.95}, {"name": "Beef ribs (full)", "price": 9.95}, {"name": "Beef ribs (delux)", "price": 10.45}, {"name": "Beef ribs (half)", "price": 6.45}, {"name": "Beer", "price": 7.55}, {"name": "Coleslaw", "price": 8.95}, {"name": "Collards", "price": 9.95}, {"name": "Cornbread", "price": 11.45}, {"name": "Devilled eggs", "price": 4}, {"name": "German chocolate cake", "price": 5.95}, {"name": "Housemade chips", "price": 4}, {"name": "Hushpuppies", "price": 3.25}, {"name": "Mac and cheese", "price": 6}, {"name": "Pork ribs (half)", "price": 6.95}, {"name": "Potato salad", "price": 3.95}, {"name": "Pulled pork sandwich on a soft roll", "price": 4.95}, {"name": "Riblets", "price": 10.45}]
	},
	{
		"_id":8,
		"restaurants":7,
		"items":[{"name": "Apple strudel", "price": 6.95}, {"name": "Apricot dumpling with yogurt topping ", "price": 3.95}, {"name": "Balkánský Salad", "price": 3.95}, {"name": "Beef goulash", "price": 8.95}, {"name": "Chicken breast fillet schnitzel ", "price": 10.45}, {"name": "Cucumber Salad", "price": 7.55}, {"name": "Dumplings", "price": 5.95}, {"name": "Fried goose liver with onion and bread", "price": 7.55}, {"name": "Halusky with sauerkraut and belly bacon ", "price": 9.95}, {"name": "Lentil soup", "price": 4.5}, {"name": "Pickles with cabbage and cheddar", "price": 10.45}, {"name": "Pork schnitzel", "price": 3.95}, {"name": "Potato pancake with bacon", "price": 5.95}, {"name": "Potato Salad", "price": 4.55}, {"name": "Segedínský gulash and dumplings", "price": 6.95}, {"name": "Sour cabbage soup", "price": 10.45}]
	},
	{
		"_id":9,
		"restaurants":8,
		"items":[{"name": "Bockwurst Würstchen", "price": 4.95}, {"name": "Bratwurst mit Brötchen und Sauerkraut", "price": 5.95}, {"name": "Currywurst mit Brötchen", "price": 5.95}, {"name": "Das Hausmannskost", "price": 11.45}, {"name": "Fleishkas mit Kartoffelsalat", "price": 6.95}, {"name": "Frankfurter Würstchen", "price": 9.95}, {"name": "Französische Zwiebelsuppe mit Käse", "price": 10.45}, {"name": "Frikadelle mit Brötchen", "price": 6.95}, {"name": "Gebackener Camenbert", "price": 7.55}, {"name": "Gemischter Salat", "price": 4.55}, {"name": "Haus Salatteller", "price": 11.45}, {"name": "Jaegerschnitzel", "price": 9.95}, {"name": "Kaesepaetzle", "price": 6.95}, {"name": "Kartoffel Reibekuchen mit Apfelmus", "price": 5.95}, {"name": "Maultaschen mit Käse", "price": 7.95}, {"name": "Sauerbraten", "price": 10.45}, {"name": "Ungarische Gulaschsuppe mit Brötchen", "price": 3.95}, {"name": "Wienerschnitzel", "price": 8.95}, {"name": "Wurstsalad mit Bauernbrot", "price": 6.95}]
	},
	{
		"_id":10,
		"restaurants":9,
		"items":[{"name": "Almond cookie", "price": 5.95}, {"name": "Chicken and broccoli", "price": 9.95}, {"name": "Chow mein", "price": 4.95}, {"name": "Egg rolls (4)", "price": 3.95}, {"name": "General Tao's chicken", "price": 5.95}, {"name": "Hot and Sour Soup", "price": 7.55}, {"name": "Hunan dumplings", "price": 6.5}, {"name": "Mongolian beef", "price": 6.95}, {"name": "Pan-fried beef noodle", "price": 7.95}, {"name": "Pea shoots with garlic", "price": 8.95}, {"name": "Potstickers (6)", "price": 6.95}, {"name": "Seafood hotpot", "price": 4.95}, {"name": "Steamed rice", "price": 5.95}, {"name": "Sweet and sour pork", "price": 6.95}, {"name": "Walnut prawns", "price": 4.95}, {"name": "Wonton Soup", "price": 6.25}, {"name": "Young Chow fried rice", "price": 6.45}]
	},
	{
		"_id":11,
		"restaurants":10,
		"items":[{"name": "Basil duck with rice", "price": 4.55}, {"name": "Curry salmon", "price": 12.45}, {"name": "Egg rolls (4)", "price": 5.95}, {"name": "Fried banana and ice cream", "price": 11.45}, {"name": "Green curry with chicken", "price": 3.95}, {"name": "Green curry with pork", "price": 4.55}, {"name": "Hot tea", "price": 2.5}, {"name": "Onion pancake", "price": 6.95}, {"name": "Pad See Ew", "price": 4.95}, {"name": "Pad Thai", "price": 6.95}, {"name": "Pumpkin curry", "price": 6.95}, {"name": "Red curry with chicken", "price": 8.95}, {"name": "Red curry with pork", "price": 9.95}, {"name": "Sticky rice with mango", "price": 6.95}, {"name": "Thai iced coffee", "price": 6.95}, {"name": "Thai iced tea", "price": 3.95}, {"name": "Tofu salad rolls", "price": 10.45}]
	},
	{
		"_id":12,
		"restaurants":11,
		"items":[{"name": "Beans and rice", "price": 7.95}, {"name": "Beef burrito", "price": 6.95}, {"name": "Birria", "price": 7.95}, {"name": "Chicken burrito", "price": 11.45}, {"name": "Chicken mole platter", "price": 5.95}, {"name": "Chile relleno (meat)", "price": 6.95}, {"name": "Chile relleno (vegetarian)", "price": 3.95}, {"name": "Chips and guacamole", "price": 5.95}, {"name": "Enchiladas", "price": 4.55}, {"name": "Flan", "price": 7.95}, {"name": "Jamaica Aqua Fresca", "price": 2.5}, {"name": "Pork al pastor platter", "price": 5.95}, {"name": "Sopa de albondigas", "price": 7.95}, {"name": "Sopa de pollo", "price": 6.95}, {"name": "Strawberry Aqua Fresca", "price": 3.95}, {"name": "Super nachos with carne asada", "price": 5.95}, {"name": "Tacos de la casa (3)", "price": 4.95}, {"name": "Vegetarian platter", "price": 4.55}]
	},
	{
		"_id":13,
		"restaurants":12,
		"items":[{"name": "Aloo Gobi", "price": 5.95}, {"name": "Basmati rice", "price": 6.95}, {"name": "Butter Chicken", "price": 5.95}, {"name": "Chicken Korma", "price": 7.55}, {"name": "Chicken Tikka Masala", "price": 5.95}, {"name": "Gulab Jamun", "price": 8.95}, {"name": "Kheer", "price": 4.5}, {"name": "Lamb Asparagus", "price": 9.5}, {"name": "Lamb Vindaloo", "price": 7.95}, {"name": "Mix Grill Bombay", "price": 5.95}, {"name": "Mulligatawny soup", "price": 5.95}, {"name": "Murgh Chicken", "price": 3.95}, {"name": "Naan stuffed with spinach and lamb", "price": 4.55}, {"name": "Plain naan", "price": 5.95}, {"name": "Rogan Josh", "price": 5.95}, {"name": "Saag Paneer", "price": 5.95}, {"name": "Tandoori Chicken", "price": 4.95}]
	},
	{
		"_id":14,
		"restaurants":13,
		"items":[{"name": "Dibi Lamb", "price": 8.25}, {"name": "Doro Wat", "price": 5.95}, {"name": "Grilled Chicken", "price": 4.95}, {"name": "Grilled Fish", "price": 6.95}, {"name": "Grilled Plantains in Spicy Peanut Sauce", "price": 7.95}, {"name": "Lamb Mafe (Peanut Butter Stew)", "price": 8.75}, {"name": "Meat Pie", "price": 6}, {"name": "Mechoui with Plantains", "price": 5.95}, {"name": "Pepper Soup", "price": 9.95}, {"name": "Piri-Piri Shrimp", "price": 11.45}, {"name": "Suppa Kandja", "price": 3.95}, {"name": "Thiou Boulette", "price": 6.95}, {"name": "Thiou Curry with Chicken", "price": 7.95}, {"name": "Thu Okra", "price": 6.95}, {"name": "Yassa Chicken", "price": 8.95}, {"name": "Yassa Lamb", "price": 8.25}]
	},
	{
		"_id":15,
		"restaurants":14,
		"items":[{"name": "Buffalo wings", "price": 5.95}, {"name": "California-style baked Tilapia with rice", "price": 6.95}, {"name": "Cheeseburger and fries", "price": 4.55}, {"name": "Cherry pie a la mode", "price": 4.95}, {"name": "Chocolate milkshake", "price": 6.95}, {"name": "Cobb salad", "price": 4.95}, {"name": "Famous BLT on a kaiser roll with fries", "price": 4.95}, {"name": "Firehouse chili", "price": 6.95}, {"name": "Goat cheese and eggplant wrap (vegetarian)", "price": 5.95}, {"name": "Greek salad", "price": 6.95}, {"name": "Grilled chicken sandwich", "price": 4.95}, {"name": "Grilled sausage on a bun", "price": 6.95}, {"name": "Housemade pot roast with seasonal vegetable", "price": 16.95}, {"name": "Roast beef dip", "price": 11.45}, {"name": "Roast chicken and mashed potatoes", "price": 7.55}, {"name": "Soup of the day", "price": 8.95}, {"name": "Spaghetti and meatballs", "price": 11.45}]
	},
	{
		"_id":16,
		"restaurants":15,
		"items":[{"name": "BBQ chicken", "price": 4.95}, {"name": "Beef ribs (full)", "price": 9.95}, {"name": "Beef ribs (delux)", "price": 10.45}, {"name": "Beef ribs (half)", "price": 6.45}, {"name": "Beer", "price": 7.55}, {"name": "Coleslaw", "price": 8.95}, {"name": "Collards", "price": 9.95}, {"name": "Cornbread", "price": 11.45}, {"name": "Devilled eggs", "price": 4}, {"name": "German chocolate cake", "price": 5.95}, {"name": "Housemade chips", "price": 4}, {"name": "Hushpuppies", "price": 3.25}, {"name": "Mac and cheese", "price": 6}, {"name": "Pork ribs (half)", "price": 6.95}, {"name": "Potato salad", "price": 3.95}, {"name": "Pulled pork sandwich on a soft roll", "price": 4.95}, {"name": "Riblets", "price": 10.45}]
	},
	{
		"_id":17,
		"restaurants":16,
		"items":[{"name": "Apple strudel", "price": 6.95}, {"name": "Apricot dumpling with yogurt topping ", "price": 3.95}, {"name": "Balkánský Salad", "price": 3.95}, {"name": "Beef goulash", "price": 8.95}, {"name": "Chicken breast fillet schnitzel ", "price": 10.45}, {"name": "Cucumber Salad", "price": 7.55}, {"name": "Dumplings", "price": 5.95}, {"name": "Fried goose liver with onion and bread", "price": 7.55}, {"name": "Halusky with sauerkraut and belly bacon ", "price": 9.95}, {"name": "Lentil soup", "price": 4.5}, {"name": "Pickles with cabbage and cheddar", "price": 10.45}, {"name": "Pork schnitzel", "price": 3.95}, {"name": "Potato pancake with bacon", "price": 5.95}, {"name": "Potato Salad", "price": 4.55}, {"name": "Segedínský gulash and dumplings", "price": 6.95}, {"name": "Sour cabbage soup", "price": 10.45}]
	},
	{
		"_id":18,
		"restaurants":17,
		"items":[{"name": "Bockwurst Würstchen", "price": 4.95}, {"name": "Bratwurst mit Brötchen und Sauerkraut", "price": 5.95}, {"name": "Currywurst mit Brötchen", "price": 5.95}, {"name": "Das Hausmannskost", "price": 11.45}, {"name": "Fleishkas mit Kartoffelsalat", "price": 6.95}, {"name": "Frankfurter Würstchen", "price": 9.95}, {"name": "Französische Zwiebelsuppe mit Käse", "price": 10.45}, {"name": "Frikadelle mit Brötchen", "price": 6.95}, {"name": "Gebackener Camenbert", "price": 7.55}, {"name": "Gemischter Salat", "price": 4.55}, {"name": "Haus Salatteller", "price": 11.45}, {"name": "Jaegerschnitzel", "price": 9.95}, {"name": "Kaesepaetzle", "price": 6.95}, {"name": "Kartoffel Reibekuchen mit Apfelmus", "price": 5.95}, {"name": "Maultaschen mit Käse", "price": 7.95}, {"name": "Sauerbraten", "price": 10.45}, {"name": "Ungarische Gulaschsuppe mit Brötchen", "price": 3.95}, {"name": "Wienerschnitzel", "price": 8.95}, {"name": "Wurstsalad mit Bauernbrot", "price": 6.95}]
	},
	{
		"_id":19,
		"restaurants":18,
		"items":[{"name": "Almond cookie", "price": 5.95}, {"name": "Chicken and broccoli", "price": 9.95}, {"name": "Chow mein", "price": 4.95}, {"name": "Egg rolls (4)", "price": 3.95}, {"name": "General Tao's chicken", "price": 5.95}, {"name": "Hot and Sour Soup", "price": 7.55}, {"name": "Hunan dumplings", "price": 6.5}, {"name": "Mongolian beef", "price": 6.95}, {"name": "Pan-fried beef noodle", "price": 7.95}, {"name": "Pea shoots with garlic", "price": 8.95}, {"name": "Potstickers (6)", "price": 6.95}, {"name": "Seafood hotpot", "price": 4.95}, {"name": "Steamed rice", "price": 5.95}, {"name": "Sweet and sour pork", "price": 6.95}, {"name": "Walnut prawns", "price": 4.95}, {"name": "Wonton Soup", "price": 6.25}, {"name": "Young Chow fried rice", "price": 6.45}]
	},
	{
		"_id":20,
		"restaurants":19,
		"items":[{"name": "Basil duck with rice", "price": 4.55}, {"name": "Curry salmon", "price": 12.45}, {"name": "Egg rolls (4)", "price": 5.95}, {"name": "Fried banana and ice cream", "price": 11.45}, {"name": "Green curry with chicken", "price": 3.95}, {"name": "Green curry with pork", "price": 4.55}, {"name": "Hot tea", "price": 2.5}, {"name": "Onion pancake", "price": 6.95}, {"name": "Pad See Ew", "price": 4.95}, {"name": "Pad Thai", "price": 6.95}, {"name": "Pumpkin curry", "price": 6.95}, {"name": "Red curry with chicken", "price": 8.95}, {"name": "Red curry with pork", "price": 9.95}, {"name": "Sticky rice with mango", "price": 6.95}, {"name": "Thai iced coffee", "price": 6.95}, {"name": "Thai iced tea", "price": 3.95}, {"name": "Tofu salad rolls", "price": 10.45}]
	},
	{
		"_id":21,
		"restaurants":20,
		"items":[{"name": "Beans and rice", "price": 7.95}, {"name": "Beef burrito", "price": 6.95}, {"name": "Birria", "price": 7.95}, {"name": "Chicken burrito", "price": 11.45}, {"name": "Chicken mole platter", "price": 5.95}, {"name": "Chile relleno (meat)", "price": 6.95}, {"name": "Chile relleno (vegetarian)", "price": 3.95}, {"name": "Chips and guacamole", "price": 5.95}, {"name": "Enchiladas", "price": 4.55}, {"name": "Flan", "price": 7.95}, {"name": "Jamaica Aqua Fresca", "price": 2.5}, {"name": "Pork al pastor platter", "price": 5.95}, {"name": "Sopa de albondigas", "price": 7.95}, {"name": "Sopa de pollo", "price": 6.95}, {"name": "Strawberry Aqua Fresca", "price": 3.95}, {"name": "Super nachos with carne asada", "price": 5.95}, {"name": "Tacos de la casa (3)", "price": 4.95}, {"name": "Vegetarian platter", "price": 4.55}]
	},
	{
		"_id":22,
		"restaurants":21,
		"items":[{"name": "Aloo Gobi", "price": 5.95}, {"name": "Basmati rice", "price": 6.95}, {"name": "Butter Chicken", "price": 5.95}, {"name": "Chicken Korma", "price": 7.55}, {"name": "Chicken Tikka Masala", "price": 5.95}, {"name": "Gulab Jamun", "price": 8.95}, {"name": "Kheer", "price": 4.5}, {"name": "Lamb Asparagus", "price": 9.5}, {"name": "Lamb Vindaloo", "price": 7.95}, {"name": "Mix Grill Bombay", "price": 5.95}, {"name": "Mulligatawny soup", "price": 5.95}, {"name": "Murgh Chicken", "price": 3.95}, {"name": "Naan stuffed with spinach and lamb", "price": 4.55}, {"name": "Plain naan", "price": 5.95}, {"name": "Rogan Josh", "price": 5.95}, {"name": "Saag Paneer", "price": 5.95}, {"name": "Tandoori Chicken", "price": 4.95}]
	},
	{
		"_id":23,
		"restaurants":22,
		"items":[{"name": "Beans and rice", "price": 7.95}, {"name": "Beef burrito", "price": 6.95}, {"name": "Birria", "price": 7.95}, {"name": "Chicken burrito", "price": 11.45}, {"name": "Chicken mole platter", "price": 5.95}, {"name": "Chile relleno (meat)", "price": 6.95}, {"name": "Chile relleno (vegetarian)", "price": 3.95}, {"name": "Chips and guacamole", "price": 5.95}, {"name": "Enchiladas", "price": 4.55}, {"name": "Flan", "price": 7.95}, {"name": "Jamaica Aqua Fresca", "price": 2.5}, {"name": "Pork al pastor platter", "price": 5.95}, {"name": "Sopa de albondigas", "price": 7.95}, {"name": "Sopa de pollo", "price": 6.95}, {"name": "Strawberry Aqua Fresca", "price": 3.95}, {"name": "Super nachos with carne asada", "price": 5.95}, {"name": "Tacos de la casa (3)", "price": 4.95}, {"name": "Vegetarian platter", "price": 4.55}]
	},
	{
		"_id":24,
		"restaurants":23,
		"items":[{"name": "Beans and rice", "price": 7.95}, {"name": "Beef burrito", "price": 6.95}, {"name": "Birria", "price": 7.95}, {"name": "Chicken burrito", "price": 11.45}, {"name": "Chicken mole platter", "price": 5.95}, {"name": "Chile relleno (meat)", "price": 6.95}, {"name": "Chile relleno (vegetarian)", "price": 3.95}, {"name": "Chips and guacamole", "price": 5.95}, {"name": "Enchiladas", "price": 4.55}, {"name": "Flan", "price": 7.95}, {"name": "Jamaica Aqua Fresca", "price": 2.5}, {"name": "Pork al pastor platter", "price": 5.95}, {"name": "Sopa de albondigas", "price": 7.95}, {"name": "Sopa de pollo", "price": 6.95}, {"name": "Strawberry Aqua Fresca", "price": 3.95}, {"name": "Super nachos with carne asada", "price": 5.95}, {"name": "Tacos de la casa (3)", "price": 4.95}, {"name": "Vegetarian platter", "price": 4.55}]
	},
	{
		"_id":25,
		"restaurants":24,
		"items":[{"name": "Almond cookie", "price": 5.95}, {"name": "Chicken and broccoli", "price": 9.95}, {"name": "Chow mein", "price": 4.95}, {"name": "Egg rolls (4)", "price": 3.95}, {"name": "General Tao's chicken", "price": 5.95}, {"name": "Hot and Sour Soup", "price": 7.55}, {"name": "Hunan dumplings", "price": 6.5}, {"name": "Mongolian beef", "price": 6.95}, {"name": "Pan-fried beef noodle", "price": 7.95}, {"name": "Pea shoots with garlic", "price": 8.95}, {"name": "Potstickers (6)", "price": 6.95}, {"name": "Seafood hotpot", "price": 4.95}, {"name": "Steamed rice", "price": 5.95}, {"name": "Sweet and sour pork", "price": 6.95}, {"name": "Walnut prawns", "price": 4.95}, {"name": "Wonton Soup", "price": 6.25}, {"name": "Young Chow fried rice", "price": 6.45}]
	},
	{
		"_id":26,
		"restaurants":25,
		"items":[{"name": "Aloo Gobi", "price": 5.95}, {"name": "Basmati rice", "price": 6.95}, {"name": "Butter Chicken", "price": 5.95}, {"name": "Chicken Korma", "price": 7.55}, {"name": "Chicken Tikka Masala", "price": 5.95}, {"name": "Gulab Jamun", "price": 8.95}, {"name": "Kheer", "price": 4.5}, {"name": "Lamb Asparagus", "price": 9.5}, {"name": "Lamb Vindaloo", "price": 7.95}, {"name": "Mix Grill Bombay", "price": 5.95}, {"name": "Mulligatawny soup", "price": 5.95}, {"name": "Murgh Chicken", "price": 3.95}, {"name": "Naan stuffed with spinach and lamb", "price": 4.55}, {"name": "Plain naan", "price": 5.95}, {"name": "Rogan Josh", "price": 5.95}, {"name": "Saag Paneer", "price": 5.95}, {"name": "Tandoori Chicken", "price": 4.95}]
	},
	{
		"_id":27,
		"restaurants":26,
		"items":[{"name": "California roll", "price": 5.95}, {"name": "Chicken teriyaki", "price": 5.95}, {"name": "Edamame", "price": 6.95}, {"name": "Futomaki roll", "price": 5.0}, {"name": "Green tea ice cream", "price": 6.95}, {"name": "Kitsune Udon", "price": 9.5}, {"name": "Miso soup", "price": 5.95}, {"name": "Pork Katsu", "price": 5.95}, {"name": "Salmon teriyaki", "price": 5.95}, {"name": "Sashimi combo", "price": 6.95}, {"name": "Spicy Yellowtail roll", "price": 7.55}, {"name": "Sushi combo", "price": 4.55}, {"name": "Teppa Maki", "price": 5.95}, {"name": "Unagi Don", "price": 7.55}, {"name": "Vegetable tempura", "price": 3.95}, {"name": "Vegetarian sushi plate", "price": 6.95}, {"name": "Wakame salad", "price": 4.95}]
	},
	{
		"_id":28,
		"restaurants":27,
		"items":[{"name": "Almond cookie", "price": 5.95}, {"name": "Chicken and broccoli", "price": 9.95}, {"name": "Chow mein", "price": 4.95}, {"name": "Egg rolls (4)", "price": 3.95}, {"name": "General Tao's chicken", "price": 5.95}, {"name": "Hot and Sour Soup", "price": 7.55}, {"name": "Hunan dumplings", "price": 6.5}, {"name": "Mongolian beef", "price": 6.95}, {"name": "Pan-fried beef noodle", "price": 7.95}, {"name": "Pea shoots with garlic", "price": 8.95}, {"name": "Potstickers (6)", "price": 6.95}, {"name": "Seafood hotpot", "price": 4.95}, {"name": "Steamed rice", "price": 5.95}, {"name": "Sweet and sour pork", "price": 6.95}, {"name": "Walnut prawns", "price": 4.95}, {"name": "Wonton Soup", "price": 6.25}, {"name": "Young Chow fried rice", "price": 6.45}]
	},
	{
		"_id":29,
		"restaurants":28,
		"items":[{"name": "Aloo Gobi", "price": 5.95}, {"name": "Basmati rice", "price": 6.95}, {"name": "Butter Chicken", "price": 5.95}, {"name": "Chicken Korma", "price": 7.55}, {"name": "Chicken Tikka Masala", "price": 5.95}, {"name": "Gulab Jamun", "price": 8.95}, {"name": "Kheer", "price": 4.5}, {"name": "Lamb Asparagus", "price": 9.5}, {"name": "Lamb Vindaloo", "price": 7.95}, {"name": "Mix Grill Bombay", "price": 5.95}, {"name": "Mulligatawny soup", "price": 5.95}, {"name": "Murgh Chicken", "price": 3.95}, {"name": "Naan stuffed with spinach and lamb", "price": 4.55}, {"name": "Plain naan", "price": 5.95}, {"name": "Rogan Josh", "price": 5.95}, {"name": "Saag Paneer", "price": 5.95}, {"name": "Tandoori Chicken", "price": 4.95}]
	},
	{
		"_id":30,
		"restaurants":29,
		"items":[{"name": "Apple pie", "price": 5.95}, {"name": "B.L.T. and Avocado Sandwich", "price": 5.95}, {"name": "Caesar salad", "price": 5.95}, {"name": "Cappucino", "price": 3.95}, {"name": "Cherry cheesecake", "price": 4.95}, {"name": "Chocolate chip cookie", "price": 4.55}, {"name": "Cobb salad", "price": 6.95}, {"name": "Drip coffee", "price": 5.95}, {"name": "Eggsalad Sandwich", "price": 3.95}, {"name": "Espresso", "price": 6.95}, {"name": "Greek salad", "price": 3.95}, {"name": "Hot tea", "price": 2.5}, {"name": "Iced tea", "price": 2.5}, {"name": "Latte", "price": 4}, {"name": "Mango and banana smoothie", "price": 3}, {"name": "Orange juice", "price": 4.95}, {"name": "Quiche of the day", "price": 6.95}, {"name": "Turkey Sandwich", "price": 7.55}]
	},
	{
		"_id":31,
		"restaurants":30,
		"items":[{"name": "Apple pie", "price": 5.95}, {"name": "B.L.T. and Avocado Sandwich", "price": 5.95}, {"name": "Caesar salad", "price": 5.95}, {"name": "Cappucino", "price": 3.95}, {"name": "Cherry cheesecake", "price": 4.95}, {"name": "Chocolate chip cookie", "price": 4.55}, {"name": "Cobb salad", "price": 6.95}, {"name": "Drip coffee", "price": 5.95}, {"name": "Eggsalad Sandwich", "price": 3.95}, {"name": "Espresso", "price": 6.95}, {"name": "Greek salad", "price": 3.95}, {"name": "Hot tea", "price": 2.5}, {"name": "Iced tea", "price": 2.5}, {"name": "Latte", "price": 4}, {"name": "Mango and banana smoothie", "price": 3}, {"name": "Orange juice", "price": 4.95}, {"name": "Quiche of the day", "price": 6.95}, {"name": "Turkey Sandwich", "price": 7.55}]
	},
	{
		"_id":32,
		"restaurants":31,
		"items":[{"name": "Apple pie", "price": 5.95}, {"name": "B.L.T. and Avocado Sandwich", "price": 5.95}, {"name": "Caesar salad", "price": 5.95}, {"name": "Cappucino", "price": 3.95}, {"name": "Cherry cheesecake", "price": 4.95}, {"name": "Chocolate chip cookie", "price": 4.55}, {"name": "Cobb salad", "price": 6.95}, {"name": "Drip coffee", "price": 5.95}, {"name": "Eggsalad Sandwich", "price": 3.95}, {"name": "Espresso", "price": 6.95}, {"name": "Greek salad", "price": 3.95}, {"name": "Hot tea", "price": 2.5}, {"name": "Iced tea", "price": 2.5}, {"name": "Latte", "price": 4}, {"name": "Mango and banana smoothie", "price": 3}, {"name": "Orange juice", "price": 4.95}, {"name": "Quiche of the day", "price": 6.95}, {"name": "Turkey Sandwich", "price": 7.55}]
	},
	{
		"_id":33,
		"restaurants":32,
		"items":[{"name": "Apple pie", "price": 5.95}, {"name": "B.L.T. and Avocado Sandwich", "price": 5.95}, {"name": "Caesar salad", "price": 5.95}, {"name": "Cappucino", "price": 3.95}, {"name": "Cherry cheesecake", "price": 4.95}, {"name": "Chocolate chip cookie", "price": 4.55}, {"name": "Cobb salad", "price": 6.95}, {"name": "Drip coffee", "price": 5.95}, {"name": "Eggsalad Sandwich", "price": 3.95}, {"name": "Espresso", "price": 6.95}, {"name": "Greek salad", "price": 3.95}, {"name": "Hot tea", "price": 2.5}, {"name": "Iced tea", "price": 2.5}, {"name": "Latte", "price": 4}, {"name": "Mango and banana smoothie", "price": 3}, {"name": "Orange juice", "price": 4.95}, {"name": "Quiche of the day", "price": 6.95}, {"name": "Turkey Sandwich", "price": 7.55}]
	},
	{
		"_id":34,
		"restaurants":33,
		"items":[{"name": "Cesar salad", "price": 5.95}, {"name": "Cheesecake", "price": 6.95}, {"name": "Chicago-style deep dish chicken and spinach", "price": 6.95}, {"name": "Chicago-style deep dish pepperoni and cheese", "price": 7.95}, {"name": "Chicago-style deep dish vegetarian", "price": 6.95}, {"name": "Chicago-style meat lover's", "price": 8.95}, {"name": "Chocolate cake", "price": 3.95}, {"name": "Coffee", "price": 7.95}, {"name": "Garlic bread", "price": 5.0}, {"name": "Greek salad", "price": 5.95}, {"name": "Pizza of the day (slice)", "price": 7.55}, {"name": "Thin crust anchovy and garlic and chili pepper", "price": 5.95}, {"name": "Thin crust broccoli, chicken, and mozarella", "price": 3.95}, {"name": "Thin crust margherita", "price": 4.55}, {"name": "Thin crust pepperoni", "price": 6.95}, {"name": "Thin crust quattro stagione", "price": 4.95}, {"name": "Thin crust sausage and guanciale bacon", "price": 4.95}]
	},
	{
		"_id":35,
		"restaurants":34,
		"items":[{"name": "Cesar salad", "price": 5.95}, {"name": "Cheesecake", "price": 6.95}, {"name": "Chicago-style deep dish chicken and spinach", "price": 6.95}, {"name": "Chicago-style deep dish pepperoni and cheese", "price": 7.95}, {"name": "Chicago-style deep dish vegetarian", "price": 6.95}, {"name": "Chicago-style meat lover's", "price": 8.95}, {"name": "Chocolate cake", "price": 3.95}, {"name": "Coffee", "price": 7.95}, {"name": "Garlic bread", "price": 5.0}, {"name": "Greek salad", "price": 5.95}, {"name": "Pizza of the day (slice)", "price": 7.55}, {"name": "Thin crust anchovy and garlic and chili pepper", "price": 5.95}, {"name": "Thin crust broccoli, chicken, and mozarella", "price": 3.95}, {"name": "Thin crust margherita", "price": 4.55}, {"name": "Thin crust pepperoni", "price": 6.95}, {"name": "Thin crust quattro stagione", "price": 4.95}, {"name": "Thin crust sausage and guanciale bacon", "price": 4.95}]
	},
	{
		"_id":36,
		"restaurants":35,
		"items":[{"name": "Cesar salad", "price": 5.95}, {"name": "Cheesecake", "price": 6.95}, {"name": "Chicago-style deep dish chicken and spinach", "price": 6.95}, {"name": "Chicago-style deep dish pepperoni and cheese", "price": 7.95}, {"name": "Chicago-style deep dish vegetarian", "price": 6.95}, {"name": "Chicago-style meat lover's", "price": 8.95}, {"name": "Chocolate cake", "price": 3.95}, {"name": "Coffee", "price": 7.95}, {"name": "Garlic bread", "price": 5.0}, {"name": "Greek salad", "price": 5.95}, {"name": "Pizza of the day (slice)", "price": 7.55}, {"name": "Thin crust anchovy and garlic and chili pepper", "price": 5.95}, {"name": "Thin crust broccoli, chicken, and mozarella", "price": 3.95}, {"name": "Thin crust margherita", "price": 4.55}, {"name": "Thin crust pepperoni", "price": 6.95}, {"name": "Thin crust quattro stagione", "price": 4.95}, {"name": "Thin crust sausage and guanciale bacon", "price": 4.95}]
	},
	{
		"_id":37,
		"restaurants":36,
		"items":[{"name": "Cesar salad", "price": 5.95}, {"name": "Cheesecake", "price": 6.95}, {"name": "Chicago-style deep dish chicken and spinach", "price": 6.95}, {"name": "Chicago-style deep dish pepperoni and cheese", "price": 7.95}, {"name": "Chicago-style deep dish vegetarian", "price": 6.95}, {"name": "Chicago-style meat lover's", "price": 8.95}, {"name": "Chocolate cake", "price": 3.95}, {"name": "Coffee", "price": 7.95}, {"name": "Garlic bread", "price": 5.0}, {"name": "Greek salad", "price": 5.95}, {"name": "Pizza of the day (slice)", "price": 7.55}, {"name": "Thin crust anchovy and garlic and chili pepper", "price": 5.95}, {"name": "Thin crust broccoli, chicken, and mozarella", "price": 3.95}, {"name": "Thin crust margherita", "price": 4.55}, {"name": "Thin crust pepperoni", "price": 6.95}, {"name": "Thin crust quattro stagione", "price": 4.95}, {"name": "Thin crust sausage and guanciale bacon", "price": 4.95}]
	},
	{
		"_id":38,
		"restaurants":37,
		"items":[{"name": "Cesar salad", "price": 5.95}, {"name": "Cheesecake", "price": 6.95}, {"name": "Chicago-style deep dish chicken and spinach", "price": 6.95}, {"name": "Chicago-style deep dish pepperoni and cheese", "price": 7.95}, {"name": "Chicago-style deep dish vegetarian", "price": 6.95}, {"name": "Chicago-style meat lover's", "price": 8.95}, {"name": "Chocolate cake", "price": 3.95}, {"name": "Coffee", "price": 7.95}, {"name": "Garlic bread", "price": 5.0}, {"name": "Greek salad", "price": 5.95}, {"name": "Pizza of the day (slice)", "price": 7.55}, {"name": "Thin crust anchovy and garlic and chili pepper", "price": 5.95}, {"name": "Thin crust broccoli, chicken, and mozarella", "price": 3.95}, {"name": "Thin crust margherita", "price": 4.55}, {"name": "Thin crust pepperoni", "price": 6.95}, {"name": "Thin crust quattro stagione", "price": 4.95}, {"name": "Thin crust sausage and guanciale bacon", "price": 4.95}]
	},
	{
		"_id":39,
		"restaurants":38,
		"items":[{"name": "Cesar salad", "price": 5.95}, {"name": "Cheesecake", "price": 6.95}, {"name": "Chicago-style deep dish chicken and spinach", "price": 6.95}, {"name": "Chicago-style deep dish pepperoni and cheese", "price": 7.95}, {"name": "Chicago-style deep dish vegetarian", "price": 6.95}, {"name": "Chicago-style meat lover's", "price": 8.95}, {"name": "Chocolate cake", "price": 3.95}, {"name": "Coffee", "price": 7.95}, {"name": "Garlic bread", "price": 5.0}, {"name": "Greek salad", "price": 5.95}, {"name": "Pizza of the day (slice)", "price": 7.55}, {"name": "Thin crust anchovy and garlic and chili pepper", "price": 5.95}, {"name": "Thin crust broccoli, chicken, and mozarella", "price": 3.95}, {"name": "Thin crust margherita", "price": 4.55}, {"name": "Thin crust pepperoni", "price": 6.95}, {"name": "Thin crust quattro stagione", "price": 4.95}, {"name": "Thin crust sausage and guanciale bacon", "price": 4.95}]
	}
]