[
  {
    "name":"Esther's German Saloon",
    "cuisine":"german",
    "_id":0,
    "description":"German home-cooked meals and fifty-eight different beers on tap. To get more authentic, you'd need to be wearing lederhosen.",
    "location":"22 Teutonic Ave.",
    "price":3,
    "days":{
      "1":{
        "closes":"22:00",
        "opens":"12:00"
      },
      "2":{
        "closes":"16:00",
        "opens":"9:00"
      },
      "4":{
        "closes":"20:00",
        "opens":"11:00"
      },
      "7":{
        "closes":"18:00",
        "opens":"10:00"
      },
      "6":{
        "closes":"18:00",
        "opens":"10:00"
      },
      "3":{
        "closes":"22:00",
        "opens":"12:00"
      },
      "5":{
        "closes":"16:00",
        "opens":"9:00"
      }
    },
    "rating":3
  },
  {
    "name":"Robatayaki Hachi",
    "cuisine":"chinese",
    "_id":1,
    "description":"Japanese food the way you like it. Fast, fresh, grilled.",
    "location":"8 Hawthorne Ln.",
    "price":4,
    "days":{
      "1":{
        "closes":"20:00",
        "opens":"11:00"
      },
      "2":{
        "closes":"18:00",
        "opens":"10:00"
      },
      "4":{
        "closes":"20:00",
        "opens":"11:00"
      },
      "7":{
        "closes":"22:00",
        "opens":"12:00"
      },
      "6":{
        "closes":"18:00",
        "opens":"10:00"
      },
      "5":{
        "closes":"22:00",
        "opens":"12:00"
      }
    },
    "rating":5
  },
  {
    "name":"BBQ Tofu Paradise",
    "cuisine":"vegetarian",
    "_id":2,
    "description":"Vegetarians, we have your BBQ needs covered. Our home-made tofu skewers and secret BBQ sauce will have you licking your fingers.",
    "location":"22A King West",
    "price":2,
    "days":{
      "1":{
        "closes":"20:00",
        "opens":"11:00"
      },
      "2":{
        "closes":"18:00",
        "opens":"10:00"
      },
      "3":{
        "closes":"20:00",
        "opens":"11:00"
      },
      "5":{
        "closes":"20:00",
        "opens":"11:00"
      },
      "6":{
        "closes":"16:00",
        "opens":"9:00"
      }
    },
    "rating":1
  },
  {
    "name":"Le Bateau Rouge",
    "cuisine":"vegetarian",
    "_id":3,
    "description":"Fine French dining in a romantic setting. From soupe à l'oignon to coq au vin, let our chef delight you with a local take on authentic favorites.",
    "location":"2 South Park Dr.",
    "price":5,
    "days":{
      "1":{
        "closes":"16:00",
        "opens":"9:00"
      },
      "2":{
        "closes":"18:00",
        "opens":"10:00"
      },
      "4":{
        "closes":"16:00",
        "opens":"9:00"
      },
      "7":{
        "closes":"16:00",
        "opens":"9:00"
      },
      "6":{
        "closes":"18:00",
        "opens":"10:00"
      },
      "3":{
        "closes":"20:00",
        "opens":"11:00"
      },
      "5":{
        "closes":"22:00",
        "opens":"12:00"
      }
    },
    "rating":4
  },
  {
    "name":"Khartoum Khartoum",
    "cuisine":"vegetarian",
    "_id":4,
    "description":"African homestyle cuisine, cooked fresh daily.",
    "location":"1566 Maple Rd.",
    "price":3,
    "days":{
      "2":{
        "closes":"16:00",
        "opens":"9:00"
      },
      "4":{
        "closes":"18:00",
        "opens":"10:00"
      },
      "7":{
        "closes":"16:00",
        "opens":"9:00"
      },
      "6":{
        "closes":"20:00",
        "opens":"11:00"
      },
      "3":{
        "closes":"16:00",
        "opens":"9:00"
      },
      "5":{
        "closes":"18:00",
        "opens":"10:00"
      }
    },
    "rating":2
  },
  {
    "name":"Sally's Diner",
    "cuisine":"american",
    "_id":5,
    "description":"Food like mom cooked, if you grew up in Iowa and mom ran a diner. Try our blue plate special!",
    "location":"96 College Blvd.",
    "price":4,
    "days":{
      "7":{
        "closes":"18:00",
        "opens":"10:00"
      },
      "6":{
        "closes":"20:00",
        "opens":"11:00"
      },
      "2":{
        "closes":"18:00",
        "opens":"10:00"
      },
      "4":{
        "closes":"18:00",
        "opens":"10:00"
      },
      "5":{
        "closes":"18:00",
        "opens":"10:00"
      }
    },
    "rating":3
  },
  {
    "name":"Saucy Piggy",
    "cuisine":"american",
    "_id":6,
    "description":"Pork. We know how to cook it. Award-winning BBQ sauce, and meat with all the trimmings.",
    "location":"623 Industrial Rd.",
    "price":3,
    "days":{
      "7":{
        "closes":"22:00",
        "opens":"12:00"
      },
      "6":{
        "closes":"18:00",
        "opens":"10:00"
      },
      "2":{
        "closes":"22:00",
        "opens":"12:00"
      },
      "4":{
        "closes":"16:00",
        "opens":"9:00"
      },
      "5":{
        "closes":"18:00",
        "opens":"10:00"
      }
    },
    "rating":2
  },
  {
    "name":"Czech Point",
    "cuisine":"german",
    "_id":7,
    "description":"Make a point of trying our knedlíky and homemade soups. We have free wifi and the best desserts and coffee. ",
    "location":"5567 Queen-Mary Rd",
    "price":1,
    "days":{
      "1":{
        "closes":"20:00",
        "opens":"11:00"
      },
      "2":{
        "closes":"22:00",
        "opens":"12:00"
      },
      "4":{
        "closes":"22:00",
        "opens":"12:00"
      },
      "7":{
        "closes":"22:00",
        "opens":"12:00"
      },
      "6":{
        "closes":"22:00",
        "opens":"12:00"
      },
      "3":{
        "closes":"22:00",
        "opens":"12:00"
      },
      "5":{
        "closes":"18:00",
        "opens":"10:00"
      }
    },
    "rating":4
  },
  {
    "name":"Der Speisewagen",
    "cuisine":"german",
    "_id":8,
    "description":"Award-winning schnitzel and other favorites. Look for our restored food truck in the NE corner of the College St lot.",
    "location":"402 College Blvd.",
    "price":3,
    "days":{
      "1":{
        "closes":"18:00",
        "opens":"10:00"
      },
      "2":{
        "closes":"22:00",
        "opens":"12:00"
      },
      "4":{
        "closes":"18:00",
        "opens":"10:00"
      },
      "7":{
        "closes":"16:00",
        "opens":"9:00"
      },
      "6":{
        "closes":"16:00",
        "opens":"9:00"
      },
      "3":{
        "closes":"16:00",
        "opens":"9:00"
      },
      "5":{
        "closes":"22:00",
        "opens":"12:00"
      }
    },
    "rating":5
  },
  {
    "name":"Beijing Express",
    "cuisine":"chinese",
    "_id":9,
    "description":"Fast, healthy, Chinese food. Family specials for takeout or delivery. Try our Peking Duck!",
    "location":"38 Teutonic Ave.",
    "price":2,
    "days":{
      "7":{
        "closes":"20:00",
        "opens":"11:00"
      },
      "1":{
        "closes":"18:00",
        "opens":"10:00"
      },
      "4":{
        "closes":"18:00",
        "opens":"10:00"
      },
      "6":{
        "closes":"22:00",
        "opens":"12:00"
      },
      "5":{
        "closes":"16:00",
        "opens":"9:00"
      }
    },
    "rating":4
  },
  {
    "name":"Satay Village",
    "cuisine":"chinese",
    "_id":10,
    "description":"Fine dining Thai-style. Wide selection of vegetarian entrées. We also deliver.",
    "location":"12 High St.",
    "price":4,
    "days":{
      "2":{
        "closes":"18:00",
        "opens":"10:00"
      },
      "4":{
        "closes":"22:00",
        "opens":"12:00"
      },
      "7":{
        "closes":"20:00",
        "opens":"11:00"
      },
      "6":{
        "closes":"20:00",
        "opens":"11:00"
      },
      "3":{
        "closes":"16:00",
        "opens":"9:00"
      },
      "5":{
        "closes":"20:00",
        "opens":"11:00"
      }
    },
    "rating":2
  },
  {
    "name":"Cancun",
    "cuisine":"american",
    "_id":11,
    "description":"Tacos, tortas, burritos, just the way you like them. Our hot sauce and guacamole are the best in town.",
    "location":"2030 Maple Rd.",
    "price":3,
    "days":{
      "1":{
        "closes":"20:00",
        "opens":"11:00"
      },
      "2":{
        "closes":"22:00",
        "opens":"12:00"
      },
      "7":{
        "closes":"22:00",
        "opens":"12:00"
      },
      "6":{
        "closes":"18:00",
        "opens":"10:00"
      },
      "3":{
        "closes":"22:00",
        "opens":"12:00"
      },
      "5":{
        "closes":"16:00",
        "opens":"9:00"
      }
    },
    "rating":3
  },
  {
    "name":"Curry Up",
    "cuisine":"indian",
    "_id":12,
    "description":"Indian food with a modern twist. We use all-natural ingredients and the finest spices to delight and tempt your palate.",
    "location":"455 University",
    "price":4,
    "days":{
      "1":{
        "closes":"22:00",
        "opens":"12:00"
      },
      "4":{
        "closes":"16:00",
        "opens":"9:00"
      },
      "7":{
        "closes":"18:00",
        "opens":"10:00"
      },
      "6":{
        "closes":"16:00",
        "opens":"9:00"
      },
      "3":{
        "closes":"20:00",
        "opens":"11:00"
      },
      "5":{
        "closes":"16:00",
        "opens":"9:00"
      }
    },
    "rating":5
  },
  {
    "name":"Carthage",
    "cuisine":"indian",
    "_id":13,
    "description":"Wholesome food and all the rich flavor of Indian. Try our famous lentil soup.",
    "location":"59 Court Terrace",
    "price":2,
    "days":{
      "1":{
        "closes":"16:00",
        "opens":"9:00"
      },
      "2":{
        "closes":"20:00",
        "opens":"11:00"
      },
      "4":{
        "closes":"18:00",
        "opens":"10:00"
      },
      "7":{
        "closes":"20:00",
        "opens":"11:00"
      },
      "3":{
        "closes":"16:00",
        "opens":"9:00"
      },
      "5":{
        "closes":"20:00",
        "opens":"11:00"
      }
    },
    "rating":1
  },
  {
    "name":"Burgerama",
    "cuisine":"american",
    "_id":14,
    "description":"Grade A beef, freshly ground every day, hand-cut fries, and home-made milkshakes. We make the best burgers in town. ",
    "location":"456 University",
    "price":5,
    "days":{
      "7":{
        "closes":"22:00",
        "opens":"12:00"
      },
      "6":{
        "closes":"22:00",
        "opens":"12:00"
      },
      "2":{
        "closes":"22:00",
        "opens":"12:00"
      },
      "4":{
        "closes":"16:00",
        "opens":"9:00"
      },
      "3":{
        "closes":"22:00",
        "opens":"12:00"
      }
    },
    "rating":4
  },
  {
    "name":"Three Little Pigs",
    "cuisine":"american",
    "_id":15,
    "description":"Genuine East Texas barbecue. Accept no substitutes! ",
    "location":"12 Summer Court",
    "price":3,
    "days":{
      "2":{
        "closes":"20:00",
        "opens":"11:00"
      },
      "4":{
        "closes":"18:00",
        "opens":"10:00"
      },
      "7":{
        "closes":"18:00",
        "opens":"10:00"
      },
      "6":{
        "closes":"20:00",
        "opens":"11:00"
      },
      "3":{
        "closes":"16:00",
        "opens":"9:00"
      },
      "5":{
        "closes":"22:00",
        "opens":"12:00"
      }
    },
    "rating":2
  },
  {
    "name":"Little Prague",
    "cuisine":"german",
    "_id":16,
    "description":"We're famous for our housemade sausage and desserts. Come taste real European cooking.",
    "location":"44 Park Ave",
    "price":4,
    "days":{
      "6":{
        "closes":"18:00",
        "opens":"10:00"
      },
      "2":{
        "closes":"18:00",
        "opens":"10:00"
      },
      "4":{
        "closes":"16:00",
        "opens":"9:00"
      },
      "3":{
        "closes":"22:00",
        "opens":"12:00"
      },
      "5":{
        "closes":"20:00",
        "opens":"11:00"
      }
    },
    "rating":3
  },
  {
    "name":"Kohl Haus",
    "cuisine":"german",
    "_id":17,
    "description":"East German specialties, in a family-friendly setting. Come warm up with our delicious soups.",
    "location":"3421 Queen-Mary Rd",
    "price":3,
    "days":{
      "1":{
        "closes":"18:00",
        "opens":"10:00"
      },
      "2":{
        "closes":"22:00",
        "opens":"12:00"
      },
      "4":{
        "closes":"20:00",
        "opens":"11:00"
      },
      "7":{
        "closes":"18:00",
        "opens":"10:00"
      },
      "6":{
        "closes":"16:00",
        "opens":"9:00"
      },
      "5":{
        "closes":"20:00",
        "opens":"11:00"
      }
    },
    "rating":2
  },
  {
    "name":"Dragon's Tail",
    "cuisine":"chinese",
    "_id":18,
    "description":"Take-out or dine-in Chinese food. Open late. Delivery available",
    "location":"8 Jasmine Rd.",
    "price":1,
    "days":{
      "1":{
        "closes":"22:00",
        "opens":"12:00"
      },
      "2":{
        "closes":"22:00",
        "opens":"12:00"
      },
      "4":{
        "closes":"22:00",
        "opens":"12:00"
      },
      "7":{
        "closes":"16:00",
        "opens":"9:00"
      },
      "6":{
        "closes":"20:00",
        "opens":"11:00"
      },
      "3":{
        "closes":"20:00",
        "opens":"11:00"
      },
      "5":{
        "closes":"20:00",
        "opens":"11:00"
      }
    },
    "rating":4
  },
  {
    "name":"Hit Me Baby One More Thai",
    "cuisine":"chinese",
    "_id":19,
    "description":"Thai food with a youthful bar scene. Try our tropical inspired cocktails, or tuck into a plate of our famous pad thai.",
    "location":"12 Jasmine Rd.",
    "price":3,
    "days":{
      "7":{
        "closes":"22:00",
        "opens":"12:00"
      },
      "1":{
        "closes":"18:00",
        "opens":"10:00"
      },
      "4":{
        "closes":"16:00",
        "opens":"9:00"
      }
    },
    "rating":5
  },
  {
    "name":"The Whole Tamale",
    "cuisine":"american",
    "_id":20,
    "description":"The tamale and hot sauce experts. Tamale special changes daily.",
    "location":"401 University",
    "price":2,
    "days":{
      "1":{
        "closes":"20:00",
        "opens":"11:00"
      },
      "2":{
        "closes":"16:00",
        "opens":"9:00"
      },
      "4":{
        "closes":"16:00",
        "opens":"9:00"
      },
      "7":{
        "closes":"20:00",
        "opens":"11:00"
      },
      "6":{
        "closes":"22:00",
        "opens":"12:00"
      },
      "3":{
        "closes":"16:00",
        "opens":"9:00"
      },
      "5":{
        "closes":"16:00",
        "opens":"9:00"
      }
    },
    "rating":4
  },
  {
    "name":"Birmingham Bhangra",
    "cuisine":"indian",
    "_id":21,
    "description":"Curry with a metropolitan twist. Daily specials. Dine-in or takeaway, you choose.",
    "location":"992 Riddick St.",
    "price":4,
    "days":{
      "2":{
        "closes":"16:00",
        "opens":"9:00"
      },
      "4":{
        "closes":"18:00",
        "opens":"10:00"
      },
      "7":{
        "closes":"16:00",
        "opens":"9:00"
      },
      "6":{
        "closes":"18:00",
        "opens":"10:00"
      },
      "3":{
        "closes":"22:00",
        "opens":"12:00"
      },
      "5":{
        "closes":"18:00",
        "opens":"10:00"
      }
    },
    "rating":2
  },
  {
    "name":"Taqueria",
    "cuisine":"american",
    "_id":22,
    "description":"Taqueria y panaderia. Birria served on weekends.",
    "location":"12 North Circle Dr.",
    "price":3,
    "days":{
      "7":{
        "closes":"16:00",
        "opens":"9:00"
      },
      "1":{
        "closes":"18:00",
        "opens":"10:00"
      },
      "4":{
        "closes":"16:00",
        "opens":"9:00"
      },
      "3":{
        "closes":"22:00",
        "opens":"12:00"
      },
      "6":{
        "closes":"16:00",
        "opens":"9:00"
      }
    },
    "rating":3
  },
  {
    "name":"Pedro's",
    "cuisine":"american",
    "_id":23,
    "description":"Pedro's has been an Alameda staple for thirty years. Our list of fine tequilas and slow-cooked carnitas will make you a regular.",
    "location":"5521 Alameda",
    "price":4,
    "days":{
      "1":{
        "closes":"16:00",
        "opens":"9:00"
      },
      "2":{
        "closes":"22:00",
        "opens":"12:00"
      },
      "7":{
        "closes":"18:00",
        "opens":"10:00"
      },
      "6":{
        "closes":"20:00",
        "opens":"11:00"
      },
      "3":{
        "closes":"22:00",
        "opens":"12:00"
      },
      "5":{
        "closes":"16:00",
        "opens":"9:00"
      }
    },
    "rating":5
  },
  {
    "name":"Super Wonton Express",
    "cuisine":"chinese",
    "_id":24,
    "description":"Soups, stir-fries, and more. We cook fast.",
    "location":"223 Milliways Ave",
    "price":2,
    "days":{
      "1":{
        "closes":"20:00",
        "opens":"11:00"
      },
      "2":{
        "closes":"16:00",
        "opens":"9:00"
      },
      "4":{
        "closes":"16:00",
        "opens":"9:00"
      },
      "6":{
        "closes":"22:00",
        "opens":"12:00"
      },
      "3":{
        "closes":"22:00",
        "opens":"12:00"
      },
      "5":{
        "closes":"16:00",
        "opens":"9:00"
      }
    },
    "rating":1
  },
  {
    "name":"Naan Sequitur",
    "cuisine":"indian",
    "_id":25,
    "description":"Naan and tandoori specialties, from our clay oven. ",
    "location":"Unit 12, Olde Towne Mall",
    "price":5,
    "days":{
      "1":{
        "closes":"22:00",
        "opens":"12:00"
      },
      "2":{
        "closes":"16:00",
        "opens":"9:00"
      },
      "4":{
        "closes":"16:00",
        "opens":"9:00"
      },
      "7":{
        "closes":"20:00",
        "opens":"11:00"
      },
      "6":{
        "closes":"16:00",
        "opens":"9:00"
      },
      "5":{
        "closes":"16:00",
        "opens":"9:00"
      }
    },
    "rating":4
  },
  {
    "name":"Sakura",
    "cuisine":"chinese",
    "_id":26,
    "description":"Sushi specials daily. We serve fast, friendly, fresh Japanese cuisine.",
    "location":"Unit 18, Olde Towne Mall",
    "price":3,
    "days":{
      "7":{
        "closes":"22:00",
        "opens":"12:00"
      },
      "1":{
        "closes":"18:00",
        "opens":"10:00"
      },
      "2":{
        "closes":"20:00",
        "opens":"11:00"
      },
      "3":{
        "closes":"22:00",
        "opens":"12:00"
      },
      "6":{
        "closes":"20:00",
        "opens":"11:00"
      }
    },
    "rating":2
  },
  {
    "name":"Shandong Lu",
    "cuisine":"chinese",
    "_id":27,
    "description":"Szechuan and Mandarin specialities with a fine dining ambiance. Our hot and sour soup is the best in town.",
    "location":"335 University",
    "price":4,
    "days":{
      "7":{
        "closes":"16:00",
        "opens":"9:00"
      },
      "1":{
        "closes":"22:00",
        "opens":"12:00"
      },
      "3":{
        "closes":"18:00",
        "opens":"10:00"
      },
      "5":{
        "closes":"20:00",
        "opens":"11:00"
      },
      "6":{
        "closes":"18:00",
        "opens":"10:00"
      }
    },
    "rating":3
  },
  {
    "name":"Curry Galore",
    "cuisine":"indian",
    "_id":28,
    "description":"Famous North Indian home cooking. Spicy or mild, as you like it. Delivery available.",
    "location":"56 Park Ave",
    "price":3,
    "days":{
      "7":{
        "closes":"22:00",
        "opens":"12:00"
      },
      "1":{
        "closes":"18:00",
        "opens":"10:00"
      },
      "3":{
        "closes":"20:00",
        "opens":"11:00"
      },
      "5":{
        "closes":"20:00",
        "opens":"11:00"
      },
      "6":{
        "closes":"18:00",
        "opens":"10:00"
      }
    },
    "rating":2
  },
  {
    "name":"North by Northwest",
    "cuisine":"german",
    "_id":29,
    "description":"Great coffee and snacks. Free wifi. ",
    "location":"201 University",
    "price":1,
    "days":{
      "7":{
        "closes":"18:00",
        "opens":"10:00"
      },
      "6":{
        "closes":"20:00",
        "opens":"11:00"
      },
      "2":{
        "closes":"16:00",
        "opens":"9:00"
      },
      "3":{
        "closes":"20:00",
        "opens":"11:00"
      }
    },
    "rating":4
  },
  {
    "name":"Full of Beans",
    "cuisine":"german",
    "_id":30,
    "description":"We roast on premises to give you the best cup of coffee in town. ",
    "location":"498 College Ave.",
    "price":3,
    "days":{
      "1":{
        "closes":"16:00",
        "opens":"9:00"
      },
      "2":{
        "closes":"16:00",
        "opens":"9:00"
      },
      "4":{
        "closes":"16:00",
        "opens":"9:00"
      },
      "7":{
        "closes":"18:00",
        "opens":"10:00"
      },
      "6":{
        "closes":"18:00",
        "opens":"10:00"
      },
      "3":{
        "closes":"18:00",
        "opens":"10:00"
      },
      "5":{
        "closes":"16:00",
        "opens":"9:00"
      }
    },
    "rating":5
  },
  {
    "name":"Tropical Jeeve's Cafe",
    "cuisine":"german",
    "_id":31,
    "description":"Hawaiian style coffee, fresh juices, and tropical fruit smoothies.",
    "location":"550 Milliways Ave",
    "price":2,
    "days":{
      "1":{
        "closes":"18:00",
        "opens":"10:00"
      },
      "2":{
        "closes":"22:00",
        "opens":"12:00"
      },
      "7":{
        "closes":"16:00",
        "opens":"9:00"
      },
      "6":{
        "closes":"20:00",
        "opens":"11:00"
      },
      "3":{
        "closes":"18:00",
        "opens":"10:00"
      },
      "5":{
        "closes":"20:00",
        "opens":"11:00"
      }
    },
    "rating":4
  },
  {
    "name":"Zardoz Cafe",
    "cuisine":"german",
    "_id":32,
    "description":"Coffee bar and sci-fi bookshop. Come in for an espresso or a slice of our famous pie.",
    "location":"6202 Alameda",
    "price":4,
    "days":{
      "7":{
        "closes":"20:00",
        "opens":"11:00"
      },
      "1":{
        "closes":"16:00",
        "opens":"9:00"
      },
      "2":{
        "closes":"20:00",
        "opens":"11:00"
      },
      "4":{
        "closes":"22:00",
        "opens":"12:00"
      },
      "6":{
        "closes":"18:00",
        "opens":"10:00"
      }
    },
    "rating":2
  },
  {
    "name":"Angular Pizza",
    "cuisine":"pizza",
    "_id":33,
    "description":"Home of the superheroic pizza! ",
    "location":"2232 King St.",
    "price":1,
    "days":{
      "1":{
        "closes":"16:00",
        "opens":"9:00"
      },
      "2":{
        "closes":"22:00",
        "opens":"12:00"
      },
      "7":{
        "closes":"18:00",
        "opens":"10:00"
      },
      "6":{
        "closes":"16:00",
        "opens":"9:00"
      },
      "3":{
        "closes":"16:00",
        "opens":"9:00"
      },
      "5":{
        "closes":"16:00",
        "opens":"9:00"
      }
    },
    "rating":5
  },
  {
    "name":"Flavia",
    "cuisine":"pizza",
    "_id":34,
    "description":"Roman-style pizza -- square, the way the gods intended.",
    "location":"401 Riddick St.",
    "price":4,
    "days":{
      "6":{
        "closes":"18:00",
        "opens":"10:00"
      },
      "2":{
        "closes":"22:00",
        "opens":"12:00"
      },
      "4":{
        "closes":"16:00",
        "opens":"9:00"
      },
      "3":{
        "closes":"22:00",
        "opens":"12:00"
      },
      "5":{
        "closes":"20:00",
        "opens":"11:00"
      }
    },
    "rating":5
  },
  {
    "name":"Luigi's House of Pies",
    "cuisine":"pizza",
    "_id":35,
    "description":"Our secret pizza sauce makes our pizza better. We specialize in large groups.",
    "location":"5 Garcia Ave.",
    "price":2,
    "days":{
      "7":{
        "closes":"20:00",
        "opens":"11:00"
      },
      "2":{
        "closes":"18:00",
        "opens":"10:00"
      },
      "4":{
        "closes":"18:00",
        "opens":"10:00"
      },
      "3":{
        "closes":"22:00",
        "opens":"12:00"
      },
      "5":{
        "closes":"16:00",
        "opens":"9:00"
      }
    },
    "rating":1
  },
  {
    "name":"Thick and Thin",
    "cuisine":"pizza",
    "_id":36,
    "description":"Whether you're craving Chicago-style deep dish or thin as a wafer crust, we have you covered in toppings you'll love.",
    "location":"832 Dominican Ave.",
    "price":5,
    "days":{
      "1":{
        "closes":"22:00",
        "opens":"12:00"
      },
      "4":{
        "closes":"18:00",
        "opens":"10:00"
      },
      "7":{
        "closes":"16:00",
        "opens":"9:00"
      },
      "6":{
        "closes":"16:00",
        "opens":"9:00"
      },
      "3":{
        "closes":"22:00",
        "opens":"12:00"
      },
      "5":{
        "closes":"20:00",
        "opens":"11:00"
      }
    },
    "rating":4
  },
  {
    "name":"When in Rome",
    "cuisine":"pizza",
    "_id":37,
    "description":"Authentic Italian pizza in a friendly neighborhood joint.",
    "location":"234 Valencia St.",
    "price":3,
    "days":{
      "7":{
        "closes":"16:00",
        "opens":"9:00"
      },
      "1":{
        "closes":"18:00",
        "opens":"10:00"
      },
      "6":{
        "closes":"22:00",
        "opens":"12:00"
      },
      "5":{
        "closes":"16:00",
        "opens":"9:00"
      }
    },
    "rating":2
  },
  {
    "name":"Pizza 76",
    "cuisine":"pizza",
    "_id":38,
    "description":"Wood-fired pizza with daily ingredients fresh from our farmer's market. We make our own mozzarella in house.",
    "location":"76 Market St.",
    "price":4,
    "days":{
      "1":{
        "closes":"16:00",
        "opens":"9:00"
      },
      "2":{
        "closes":"20:00",
        "opens":"11:00"
      },
      "4":{
        "closes":"22:00",
        "opens":"12:00"
      },
      "7":{
        "closes":"20:00",
        "opens":"11:00"
      },
      "6":{
        "closes":"20:00",
        "opens":"11:00"
      },
      "3":{
        "closes":"16:00",
        "opens":"9:00"
      },
      "5":{
        "closes":"18:00",
        "opens":"10:00"
      }
    },
    "rating":3
  }
]